{
  "lang":"en",
  "name":"pipeline",
  "version":"0.0.0",
  "spacy_version":">=3.1.4,<3.2.0",
  "description":"",
  "author":"",
  "email":"",
  "url":"",
  "license":"",
  "spacy_git_version":"006df1ae1",
  "vectors":{
    "width":0,
    "vectors":0,
    "keys":0,
    "name":null
  },
  "labels":{
    "tok2vec":[

    ],
    "ner":[
      "DIAL_CODE",
      "NAME",
      "PERSON",
      "POSITION",
      "SHORT_NAME"
    ]
  },
  "pipeline":[
    "tok2vec",
    "ner"
  ],
  "components":[
    "tok2vec",
    "ner"
  ],
  "disabled":[

  ],
  "performance":{
    "ents_f":0.8947368421,
    "ents_p":0.9028497409,
    "ents_r":0.8867684478,
    "ents_per_type":{
      "SHORT_NAME":{
        "p":0.9225352113,
        "r":0.9160839161,
        "f":0.9192982456
      },
      "NAME":{
        "p":0.7885714286,
        "r":0.7624309392,
        "f":0.7752808989
      },
      "POSITION":{
        "p":0.9647887324,
        "r":0.9383561644,
        "f":0.9513888889
      },
      "PERSON":{
        "p":0.8823529412,
        "r":0.8771929825,
        "f":0.8797653959
      },
      "DIAL_CODE":{
        "p":0.986013986,
        "r":0.9724137931,
        "f":0.9791666667
      }
    },
    "tok2vec_loss":448.0466938213,
    "ner_loss":195.3742151849
  }
}